Time,Magnitude,Longitude,Latitude,Depth
1762431290137,4.7,-91.8044,14.0356,43.45
1762431193282,4.7,-94.1135,17.4573,176.349
1762430573776,4.3,123.9564,-9.0682,94.509
1762426440665,4.9,142.6505,51.3854,10.0
1762424774245,4.4,-111.924,27.8252,10.0
1762419357259,4.6,-83.09,3.3468,10.0
1762418903282,4.8,-82.9288,3.348,10.0
1762418809554,4.4,24.0912,34.4385,48.053
1762416594254,4.5,174.5634,-41.2676,55.723
1762415827216,4.9,126.6868,7.3119,68.448
1762406465052,4.6,-88.6957,13.0163,63.524
1762390938075,4.8,75.5056,38.299,115.16
1762380639900,4.2,70.7214,34.535,10.0
1762380229280,5.7,-25.2007,-58.0489,33.229
1762380143312,4.6,160.0336,51.7677,35.0
1762376712596,4.0,-168.365,52.8565,54.988
1762374608428,4.2,159.1714,52.7633,92.839
1762364917069,4.7,166.2581,-11.5469,73.167
1762364087752,4.3,160.4524,52.9141,55.884
1762347374792,4.6,130.33,-6.254,123.14
1762339030082,4.7,117.7887,3.2687,10.0
1762333503722,4.7,125.2801,-0.1983,56.577
1762332892780,4.8,143.1482,27.6194,10.0
1762331267621,4.4,160.2682,52.2318,31.054
1762326988616,4.2,24.7322,41.2025,10.0
1762322303480,4.3,69.0635,40.0989,10.0
1762312883963,4.0,-126.7255,43.5028,10.0
1762311825813,4.8,144.8067,13.5276,109.862
1762308160015,4.6,158.6128,-54.6816,10.0
1762307311214,5.0,-105.8699,-35.338,10.0
1762306718666,4.4,-89.3553,12.6948,35.0
1762302784939,5.1,-105.9589,-35.1634,10.0
1762300166720,5.7,155.8841,49.7215,66.292
1762299142614,5.9,123.0907,-0.0563,110.626
1762298940784,6.0,160.1348,52.1259,41.39
1762296907221,4.3,-94.0535,14.9459,35.0
1762294649436,4.7,140.9823,34.7715,35.0
1762291775577,5.0,139.0745,-2.2278,35.0
1762290357874,4.5,143.6726,39.3826,10.0
1762287354096,4.5,155.7966,49.7203,70.289
1762284668626,4.8,142.7771,67.6033,10.0
1762271906708,5.2,126.9578,1.8475,64.099
1762271510670,4.4,159.2342,52.4792,88.377
1762269414001,4.5,160.4324,52.19,33.949
1762263088182,4.7,127.3211,-49.1494,10.0
1762262571639,4.4,150.0326,45.7368,98.824
1762262048494,4.4,-73.8084,-36.9223,10.0
1762260055184,4.3,56.1774,25.5756,11.362
1762259751952,4.5,156.0676,49.8302,56.676
1762256424890,4.8,139.5995,-2.1424,32.083
1762248184063,4.8,160.4699,52.3511,10.0
1762241843161,5.9,143.1363,12.386,65.991
1762240453207,4.2,-76.3283,-4.1064,112.87
1762237706131,5.4,160.4055,52.279,24.408
1762237574997,4.0,-162.5975,66.5334,15.4
1762234432400,4.5,158.5012,52.5011,90.04
1762234177743,4.9,160.5467,52.2607,35.0
1762233637504,4.6,159.1441,52.349,34.208
1762233299804,4.8,158.9708,52.5797,96.006
1762233184878,5.1,148.8813,-5.7579,127.626
1762232695585,4.5,160.5613,52.2605,10.0
1762231530030,5.5,160.4773,52.317,21.005
1762228696714,5.1,160.0754,52.313,35.849
1762227912324,6.0,160.3649,52.2787,35.0
1762227365569,5.1,160.2634,52.322,15.678
1762226779139,4.4,160.3909,51.6933,10.0
1762226455791,5.1,-26.8625,-55.8352,36.411
1762215433133,4.8,159.8126,52.2939,35.0
1762212847596,4.2,176.2814,-38.1662,174.639
1762209984615,4.4,160.4874,53.3482,35.0
1762209049289,4.7,160.3815,51.9508,10.0
1762208217314,4.9,160.1714,51.4095,10.0
1762207055084,4.8,139.1113,-2.1819,35.0
1762204921175,4.3,-68.5445,-22.0898,117.842
1762203442091,4.7,87.4343,28.4872,10.0
1762198734616,5.4,158.235,51.7946,74.413
1762197645568,4.6,-179.9648,-23.5166,543.273
1762197365092,5.2,143.5363,39.4046,10.0
1762196874914,4.8,155.886,49.9855,70.741
1762195187344,4.6,-177.2528,-16.3756,419.904
1762188864430,4.9,160.2232,52.3842,24.348
1762187671476,4.4,160.2749,52.2625,29.624
1762185114565,5.5,-71.4784,-27.4457,24.928
1762183400919,4.3,159.8432,53.0967,76.414
1762175617114,4.3,159.0678,52.4519,94.188
1762173337217,5.0,28.3113,39.201,10.0
1762172367532,4.6,160.1046,52.0064,10.0
1762171613333,4.7,160.6749,52.1913,10.0
1762170964604,4.8,160.3793,52.3565,10.0
1762170447669,4.8,159.255,52.7632,10.0
1762170402981,4.6,160.1458,51.7451,10.0
1762169869387,5.1,160.6472,52.3603,10.0
1762169639127,4.9,160.3275,52.249,10.0
1762168892659,4.8,159.7178,52.2447,10.0
1762165077880,4.7,143.6165,39.9757,10.0
1762164708528,4.7,179.3726,-34.9594,135.088
1762164113542,4.8,160.2406,52.2417,35.0
1762162834853,4.3,179.6623,-24.6895,544.154
1762159483471,6.1,160.4226,52.1898,29.0
1762156753721,4.8,160.4028,51.9973,10.0
1762154388390,4.9,159.8883,52.0851,35.0
1762153824455,5.8,160.0369,52.1988,23.982
1762143686856,5.3,125.3615,4.7253,26.867
1762142104525,5.3,155.7745,49.7466,60.306
1762134555663,5.0,160.0931,52.3021,52.194
1762133582333,4.5,95.3412,25.0793,116.372
1762125570415,5.0,-94.1893,17.7673,191.709
1762124377245,4.4,128.7148,-8.1113,35.0
1762121414321,5.0,169.6042,-19.7658,242.739
1762115342028,6.3,67.4843,36.5894,28.0
1762115091019,4.7,-61.5402,-59.4826,10.0
1762114796132,4.6,-61.7592,-59.3804,10.0
1762114793528,4.5,178.2187,51.1948,35.0
1762110416707,5.5,122.8092,9.642,141.463
1762109506506,4.7,-73.9572,-36.9168,10.0
1762098571059,4.3,43.8574,41.0853,12.278
1762089394641,4.7,-69.9459,-19.0317,79.28
1762087660052,4.9,-71.1993,-16.6724,110.586
1762087275694,4.3,-72.0127,-15.8592,10.0
1762087269889,4.9,28.2227,39.1365,10.0
1762082148110,5.2,139.0116,-2.187,35.0
1762077839208,4.6,143.4942,40.0047,10.0
1762077474821,4.9,143.4906,40.0188,10.0
1762072842537,4.9,-176.1486,-23.9195,60.257
1762060404430,4.3,129.9707,-7.4793,78.828
1762057845418,4.5,131.5407,-6.1865,36.244
1762055627811,4.2,127.688,-7.6366,162.295
1762052960913,5.2,127.7415,-7.5563,176.204
1762050680733,4.3,-67.4425,-24.1905,191.327
1762045369052,4.1,-69.6316,-29.2132,132.148
1762042591104,5.0,-62.2904,-60.061,10.0
1762039663545,4.5,-179.5974,-22.2854,579.836
1762030809961,4.9,95.9535,3.9701,61.242
1762023836098,4.9,70.0035,37.3514,10.0
1762018961766,4.5,-93.5997,16.8722,170.151
1762016393875,4.4,-178.2615,-20.4029,555.948
1762013232341,4.5,159.9669,53.3858,72.381
1762008249114,4.5,142.0225,39.1645,73.577
1761996302762,4.6,45.4388,34.1835,10.0
1761991064727,4.4,39.8143,13.5706,10.0
1761990600125,5.0,151.4997,-3.7696,10.0
1761982240900,4.5,-177.4032,-14.9689,362.84
1761980245242,4.9,122.1585,20.1659,143.212
1761973122028,4.0,28.1616,39.2086,10.0
1761971559595,4.9,139.3642,-2.0144,53.258
1761961883554,5.2,-26.827,-55.6171,10.0
1761959817357,5.0,-26.9857,-55.7303,10.0
1761958057784,4.1,172.007,-42.6496,14.747
1761952644409,4.4,121.104,21.1415,30.115
1761948537437,4.0,70.3717,36.5315,194.972
1761946068451,5.0,127.0652,7.0559,9.82
1761945664728,5.0,127.2056,6.1322,10.0
1761944004708,5.9,96.8721,-45.3029,10.0
1761943471791,4.9,127.3417,6.2436,10.0
1761939018105,5.2,-26.5422,-59.6321,103.953
1761933399865,5.4,179.9739,-23.502,511.903
1761930135402,4.7,133.2113,-6.2624,10.0
1761928516147,4.8,159.8077,53.1367,53.534
1761915869127,4.8,-82.3572,7.4464,10.0
1761912246713,4.4,158.6027,52.9665,99.373
1761911220089,4.4,159.0802,52.8331,96.942
1761908121081,4.5,125.9308,-3.5952,10.0
1761903954978,4.2,-71.84,-52.4394,24.881
1761901060724,4.9,159.4497,51.5813,27.093
1761891623380,4.6,169.2434,-18.9556,258.236
1761884331967,4.2,28.1492,39.2097,10.0
1761883587904,4.3,126.1611,4.955,95.151
1761883440621,4.8,-173.3958,-16.4786,56.986
1761881517825,4.2,-175.0535,-17.6304,234.848
1761872300035,4.8,-77.7946,9.9271,10.0
1761870303476,4.6,123.0127,23.3058,10.0
1761858975774,4.2,-71.8203,-34.7205,42.149
1761856612673,4.4,125.2324,23.4311,10.0
1761855075110,4.2,125.8284,2.518,130.777
1761845594566,5.4,-150.2328,59.6308,23.6
1761845128174,4.4,71.1998,36.6805,121.802
1761841290820,4.5,-59.6167,16.5485,10.0
1761819770034,4.9,159.6379,51.5168,16.678
1761814326764,5.5,-178.4402,-27.3503,313.108
1761813352106,4.8,139.0404,-2.2049,48.344
1761811442056,4.9,139.418,-2.8422,44.37
1761811256327,4.5,141.1412,37.0685,42.833
1761806381337,5.0,-26.1914,-55.6026,10.0
1761805975107,4.5,-59.6054,16.3984,10.0
1761791975342,4.6,159.1103,51.0065,10.0
1761791039001,4.7,159.1105,50.8985,10.0
1761789713183,4.1,-64.7502,31.0924,10.0
1761787903794,4.7,-62.211,-59.8614,10.0
1761786497719,4.3,-73.8699,-36.9076,35.0
1761786286042,4.4,-74.4198,-36.8552,10.0
1761781490421,4.3,-169.0993,51.4009,10.0
1761760338800,4.9,124.0607,3.9692,426.182
1761757653754,4.8,-179.038,-19.124,663.008
1761756390056,5.4,-17.0859,64.7442,10.0
1761754256595,4.8,-59.5655,16.5762,10.0
1761746678954,4.5,69.7139,37.3547,10.0
1761746424291,5.4,-129.5374,44.4927,10.0
1761745364632,4.8,-129.8209,44.597,10.0
1761744515002,4.8,-25.0872,-58.7394,35.0
1761743948909,4.1,18.7071,42.9576,10.0
1761740777468,4.3,131.2889,-6.2758,81.967
1761739499976,4.4,-59.5756,16.4613,10.0
1761733138248,4.4,128.5083,2.6565,233.783
1761729203365,4.5,69.6963,37.3805,10.0
1761723181881,4.7,-59.639,16.5539,10.0
1761722427236,5.0,164.7868,-47.0859,10.0
1761720995169,5.1,159.7307,51.4764,10.0
1761718605375,5.4,-12.2411,-47.1106,10.0
1761715854488,4.7,93.5803,21.9854,10.0
1761706014718,4.6,-179.7323,-23.1762,574.168
1761704259364,4.8,160.2617,52.1881,45.594
1761696589410,4.2,123.9474,5.7592,531.156
1761692519899,4.5,126.4831,9.0568,62.388
1761688648338,4.5,139.7299,-2.6862,32.211
1761675466342,4.7,-69.4782,-30.9518,111.037
1761674840751,4.5,146.0475,-3.3785,10.0
1761666187034,4.4,3.1888,72.4745,10.0
1761662418476,6.4,130.02,-6.744,142.0
1761660246766,4.5,105.3986,-7.5808,20.26
1761656506579,4.4,155.8069,49.8544,86.372
1761653862283,4.1,-68.4309,-23.0661,105.966
1761652166625,4.5,28.1224,39.1474,10.0
1761652008087,4.3,-179.8713,-24.2222,527.139
1761642827150,5.0,154.8329,-6.6936,10.0
1761640938839,4.9,-66.3691,-31.5175,162.943
1761640902079,4.6,-59.5882,16.4868,10.0
1761638265735,4.7,-68.5317,-23.3661,106.313
1761638054148,4.9,28.2458,39.2339,10.0
1761635400325,4.9,28.2086,39.1381,10.0
1761635186235,5.7,157.393,50.3753,45.526
1761627452187,4.6,156.2742,49.7207,40.307
1761618992875,4.1,28.1389,39.2111,21.028
1761618374715,4.5,-59.6998,16.3976,12.601
1761618365437,4.7,-59.7962,16.4973,28.056
1761615078413,5.1,121.8389,1.4598,9.596
1761612506438,4.5,28.2414,39.1659,10.0
1761612179319,4.4,28.2897,39.1729,10.0
1761611642296,4.7,126.3497,1.158,35.0
1761609097017,4.6,-59.7097,16.514,10.0
1761608748868,4.2,-160.0841,54.5065,35.0
1761608113366,5.1,95.9544,4.933,10.0
1761607813104,4.2,28.2893,39.1995,10.0
1761606036221,4.8,160.2042,53.2208,55.412
1761603363589,4.6,-59.5434,16.5607,10.0
1761600765330,4.5,175.5905,-21.0291,591.574
1761594508858,6.0,28.2279,39.2333,8.0
1761590406955,4.9,-59.5927,16.4829,10.0
1761575373472,5.3,151.8136,-6.2958,10.0
1761571611808,5.4,-59.6849,16.5389,10.0
1761569699494,6.0,-59.5632,16.5587,10.0
1761568720311,6.5,-59.5718,16.5295,9.0
1761566261525,4.6,-179.4174,-18.1281,643.16
1761563274090,4.3,-68.4447,-21.6155,119.76
1761558985327,4.7,160.0298,50.6047,10.0
1761554595137,4.4,75.8185,37.425,10.0
1761550758748,4.9,88.4804,41.7629,10.0
1761550614913,4.3,108.8179,-8.0163,104.555
1761535872214,4.4,156.9096,50.4,80.29
1761527305078,4.7,126.5192,9.0642,48.863
1761522445201,5.1,-95.983,-36.9561,10.0
1761505689430,4.5,-70.4603,-33.8633,106.249
1761504351259,4.4,127.4078,4.9673,133.998
1761500085743,4.6,123.9258,-8.9829,91.638
1761498265645,6.2,123.9517,-8.8689,75.0
1761495835718,4.6,158.786,51.871,69.447
1761495536061,4.7,121.8787,-6.7907,10.0
1761490980438,4.9,99.5862,29.3047,18.876
1761487552030,4.7,127.0176,5.7271,109.44
1761485697661,4.7,139.9899,35.7579,84.587
1761485374351,4.4,-93.3594,14.9676,86.789
1761480520017,4.2,177.0522,-39.6453,35.0
1761479376381,4.1,40.2995,38.5046,10.0
1761479302074,4.2,169.4761,-18.8464,249.382
1761473115209,4.5,-68.9856,-31.7773,109.259
1761469495761,4.5,83.5147,44.0711,10.0
1761456257865,4.9,39.8762,9.598,10.0
1761447894834,4.7,139.3407,36.5901,10.28
1761438354676,5.0,126.921,7.0758,54.6
1761435913077,4.6,-82.9981,8.8628,10.0
1761434884780,6.0,166.389,-12.4143,54.442
1761430176148,4.6,-71.4096,-18.4341,36.149
1761427923668,4.4,-178.7304,-25.9409,347.966
1761415582192,4.5,81.453,41.6518,10.0
1761413375535,5.2,-77.5578,-45.7402,10.0
1761411381981,4.2,-91.196,14.4001,98.932
1761409874178,5.3,96.7593,-45.2564,10.0
1761405502989,4.9,-108.6165,-34.8074,10.0
1761399885219,4.5,160.7862,-9.7786,113.81
1761392723124,5.2,131.0017,43.0788,561.686
1761390786830,5.3,156.0516,49.9015,47.0
1761390598925,4.5,127.5141,-6.0863,416.223
1761388896247,4.5,167.1731,-13.1482,239.976
1761387186181,5.0,-176.1245,51.5305,52.588
1761382764850,4.7,-178.0171,-20.5047,540.587
1761379947231,5.1,167.3955,-14.632,227.522
1761374040639,5.3,-131.8847,71.6368,7.747
1761368185897,4.6,96.4833,4.3939,10.0
1761349849345,4.8,-61.7655,10.5555,10.0
1761345533028,4.9,143.3205,11.8141,10.0
1761341452305,4.8,-71.8491,11.4177,92.693
1761336806381,4.5,142.8469,28.1527,10.0
1761336206351,4.6,-151.2428,61.8836,66.5
1761335776957,4.3,-71.6793,-29.8539,34.025
1761333787555,4.3,127.5531,-7.5571,176.876
1761332652412,4.9,144.1193,12.3246,10.0
1761331449421,4.0,134.1876,38.1939,420.278
1761328870698,4.0,71.0557,36.7989,223.427
1761324010325,5.8,145.6376,43.0043,41.407
1761321939580,4.9,126.6026,7.994,64.261
1761316443871,4.8,-159.8095,54.5889,35.0
1761309659134,4.0,14.802,41.0308,10.0
1761308147862,4.5,87.6812,41.8769,10.0
1761298773555,4.5,162.391,55.2219,34.011
1761298763209,4.5,179.7871,-21.8754,599.457
1761294701022,5.0,-179.4701,-35.685,10.0
1761288444844,4.5,140.1387,35.7269,70.242
1761287998015,4.9,154.3369,-6.2633,84.833
1761281194891,5.1,123.7551,-8.8562,108.253
1761280627105,4.6,126.8811,7.317,68.135
1761279633384,4.6,127.3553,7.5971,10.0
1761276871116,4.4,122.0851,25.6644,274.444
1761269210786,5.1,-27.8717,-56.0025,106.763
1761260837515,4.7,161.4159,52.0151,10.0
1761257666936,4.7,127.152,5.9035,37.848
1761254522402,4.6,-68.329,-31.2173,116.928
1761253767652,5.1,142.0358,37.4199,40.846
1761247599101,4.4,-177.9886,-20.8729,489.97
1761236876549,4.6,-160.2023,54.7288,47.535
1761229512890,5.0,-58.2948,-54.0977,10.0
1761223208952,4.2,126.6892,-6.6899,461.47
1761222486773,4.2,120.8295,23.8265,29.898
1761219970756,5.6,130.9649,-6.2714,93.452
1761215845708,4.8,102.7788,-4.5607,64.609
1761210127365,4.5,159.7729,51.2902,10.0
1761203029003,4.6,160.0688,51.9664,25.836
1761196838170,5.2,161.1807,-10.2846,59.841
1761192421690,5.2,148.2843,-6.6541,63.146
1761190982734,4.3,-83.8228,9.0779,43.057
1761187995963,4.6,158.3208,51.639,50.683
1761186687563,5.6,159.653,51.3902,10.0
1761159508793,4.7,-91.7665,14.3641,89.921
1761149940573,4.2,138.9614,-2.0533,35.0
1761145676841,4.9,94.8132,5.3385,70.059
1761138597764,4.3,-70.8486,-31.3087,96.185
1761133399388,4.1,128.8532,-5.6835,294.002
1761130857230,4.6,-67.4303,-24.3253,172.519
1761128449785,4.3,179.6125,-24.7639,524.179
1761125767459,4.1,-67.3722,-24.2882,166.021
1761125513901,4.7,120.3053,-7.1895,563.37
1761124654054,5.2,145.3807,42.9801,59.226
1761124033826,5.0,126.2954,-3.9981,10.0
1761106035460,4.9,-178.5433,-29.1084,237.264
1761105427885,5.9,-84.1795,9.3653,31.021
1761105085715,4.4,-66.5023,-31.7581,153.678
1761104734390,4.4,159.7087,52.0598,56.518
1761101125065,4.4,28.473,36.5822,53.687
1761091544149,5.5,-79.813,-3.6213,73.563
1761089829134,5.1,159.0021,52.5962,73.819
1761087968713,4.7,-90.4498,14.3829,181.626
1761087424725,4.5,-72.7661,-15.9189,10.0
1761085347581,4.4,-179.0064,-20.9926,642.664
1761076924835,5.1,-178.5716,-33.7661,10.0
1761074763988,4.7,159.1667,51.518,35.0
1761073379795,4.7,104.498,-4.6296,166.646
1761072513189,4.4,142.1794,37.6753,34.096
1761070489608,5.1,71.1525,36.6271,243.95
1761070268206,5.2,-25.7015,-58.9775,79.271
1761064930540,4.5,176.1874,-37.6435,281.098
1761060921550,4.5,16.1295,51.6174,5.0
1761055717198,4.7,-69.73,-32.3736,119.557
1761051976580,4.4,127.2777,1.7082,116.319
1761046079463,4.5,122.8905,4.006,559.147
1761033756663,5.0,52.0003,30.2273,10.0
1761032387320,4.0,-65.2176,18.8275,73.0
1761026370441,4.9,72.9977,36.7734,10.0
1761024548960,4.3,159.5707,51.2458,10.0
1761024250042,4.7,-76.1541,-8.6492,10.0
1761018447270,5.0,152.397,-5.3863,41.98
1761006873633,4.4,-62.1841,-60.1467,10.0
1761000195730,4.9,159.7327,53.1487,63.936
1760999515989,4.8,125.7785,-6.8516,514.359
1760999429996,5.0,153.1502,46.1988,10.0
1760997387322,4.2,72.482,37.2758,10.0
1760987626014,5.0,-70.6429,18.5775,10.0
1760987046080,5.1,135.4838,35.4058,359.663
1760985926228,5.0,-176.9961,51.276,35.0
1760977601585,4.5,39.7684,14.0203,10.0
1760977009105,5.0,122.3874,-7.1999,550.247
1760976925410,4.8,138.9965,-1.9878,35.0
1760960151115,5.8,127.3427,6.9405,10.0
1760953343805,4.4,-177.7592,-19.6646,409.559
1760951694355,4.7,-61.7078,-52.1445,10.0
1760939765220,4.8,119.7933,-9.302,59.526
1760938921468,4.7,70.163,30.1092,10.0
1760933917857,4.8,161.6162,53.3383,24.854
1760928200981,4.9,119.7635,18.0457,11.048
1760924305801,4.5,127.0788,1.7319,83.534
1760922056112,4.2,70.724,36.4799,200.351
1760920979671,4.6,-11.5485,-5.6623,10.0
1760917366500,4.5,143.1119,12.692,131.711
1760916955672,5.0,129.447,-2.9215,10.0
1760914771533,4.4,19.9368,40.4949,10.0
1760914245630,4.2,69.5036,36.3116,126.887
1760913887819,4.9,130.7747,-7.5656,10.0
1760913058452,4.6,153.2268,-5.7551,10.0
1760911058038,4.4,72.9009,36.8412,10.0
1760903729031,4.5,159.3388,51.4439,10.0
1760899805439,4.3,-174.8966,-17.551,240.171
1760898476850,4.8,159.2889,51.4857,29.748
1760898368890,4.15,-156.0925,19.8443333333333,43.46
1760894523871,4.0,-169.365,52.2613,19.2
1760894061239,5.3,161.5436,-10.5246,97.613
1760888240908,4.7,125.836,1.3085,60.974
1760886327062,4.5,126.7617,8.8722,51.776
1760882374359,4.9,72.8977,36.8493,10.0
1760880207177,4.6,126.6121,27.4491,176.106
1760868331303,4.6,138.9501,-2.1273,35.0
1760868020070,4.8,123.2854,-7.8806,10.0
1760867745774,5.0,155.6755,-7.0537,57.658
1760858898712,5.0,126.7564,6.4697,191.151
1760858624330,5.2,160.9791,52.3988,10.0
1760856799978,4.5,108.9308,-8.165,83.386
1760855973123,4.6,160.0776,51.5634,21.235
1760845509933,4.2,-68.6594,-21.9283,115.82
1760842356743,4.8,138.9525,-2.2287,35.0
1760837691269,5.2,127.0758,6.9445,10.0
1760836378042,4.3,-67.2289,-24.2701,169.097
1760836162021,4.2,-178.4609,-17.919,509.129
1760830558477,4.3,122.8682,-0.1091,89.41
1760829370684,4.5,-70.6933,-17.366,10.0
1760812499767,4.6,126.9416,7.5409,10.431
1760810231974,5.1,161.7095,53.385,10.519
1760807962820,4.6,131.7393,29.3532,10.0
1760807614353,4.1,-69.092,-31.2522,112.304
1760805065157,4.6,150.9263,45.4983,54.281
1760803021502,4.3,114.7875,-7.8504,200.396
1760800397064,4.5,161.7106,53.3975,26.277
1760799598663,4.5,16.0623,51.4685,10.0
1760797261031,4.5,-69.032,-20.6515,100.184
1760792869843,4.3,170.5345,53.4311,35.0
1760790692720,5.4,126.4677,8.8617,63.159
1760784662136,4.5,73.0817,36.8195,10.0
1760784620221,4.7,120.5532,18.6181,28.612
1760782326522,4.8,127.1769,-1.1674,10.0
1760765196166,4.8,126.8501,6.6862,78.212
1760753054005,5.0,122.1061,24.2442,39.766
1760750226923,4.7,-178.0704,-31.7984,10.0
1760733002296,4.1,129.7524,-5.151,237.164
1760732895014,4.6,139.0664,29.8563,416.83
1760731228565,4.4,120.4015,18.5876,17.895
1760723869665,4.4,160.1258,53.4411,60.954
1760722653576,4.3,-178.0331,-19.833,464.622
1760716128983,5.1,-165.7321,53.5757,75.97
1760703304272,5.5,72.7604,36.7821,10.0
1760703244716,4.5,-91.1454,-41.2588,10.0
1760700065997,4.9,-177.0642,-25.6613,95.745
1760698131378,4.4,-86.7954,12.2095,122.459
1760696212189,4.7,127.2002,7.1167,10.0
1760690951753,4.9,157.2801,50.1048,30.446
1760690792625,4.6,127.3727,1.8598,129.032
1760689910636,4.9,120.5547,18.5873,25.352
1760688852485,5.1,120.6163,18.6819,27.279
1760682406285,4.6,159.6399,53.228,68.939
1760680550775,4.2,-69.1463,-19.889,107.137
1760679786125,4.3,39.8729,13.8036,10.0
1760679222828,4.2,179.4836,-25.6175,521.872
1760676192147,4.4,130.4758,-6.7597,116.402
1760674386969,5.3,139.0327,-2.2996,41.504
1760673346472,4.4,23.0374,35.4993,54.294
1760672298127,4.2,179.8235,-24.214,559.446
1760664357591,5.4,159.8579,53.181,63.703
1760663710943,4.6,-71.4078,-30.7151,40.51
1760663676243,4.6,-85.25,17.0517,10.0
1760659060868,4.8,126.2206,9.7339,67.469
1760658817224,4.7,70.8308,34.3827,10.0
1760656038770,5.1,178.8255,-23.3473,573.03
1760655796195,6.1,126.1093,9.7561,69.015
1760652662940,4.8,127.1758,6.8254,10.481
1760652624528,5.0,92.5745,13.3525,18.925
1760650723165,4.4,-177.8302,-20.3368,535.439
1760646578365,4.6,159.9278,51.1794,10.0
1760644593086,4.9,157.2392,50.0906,23.264
1760641949232,4.3,128.4546,-5.8021,354.56
1760640219084,4.3,-178.2329,-17.9442,567.731
1760638707679,4.6,158.6438,51.9022,73.296
1760634178138,5.1,139.0855,-2.1142,10.0
1760630505979,5.0,139.1134,-2.2378,35.0
1760625067958,4.8,138.8946,-2.1197,35.0
1760608772874,4.9,-179.1204,-34.3728,49.071
1760607064877,4.7,125.9547,5.4138,94.87
1760604403797,4.3,-67.2979,-22.306,167.905
1760599608151,4.5,156.5566,49.0164,10.0
1760597874414,4.8,95.5076,24.8187,185.93
1760593735452,6.5,138.9382,-2.1676,35.0
1760590573006,4.8,-81.8754,-44.2232,10.0
1760590195877,4.9,-61.994,-60.194,10.0
1760588449284,4.3,26.3544,34.8859,34.953
1760587876272,4.3,-73.0377,6.741,162.163
1760585655083,4.5,158.5719,51.6992,52.725
1760582736661,5.2,-62.7045,-58.7366,10.0
1760579282705,4.4,139.6432,-2.1551,35.0
1760578952850,6.3,-61.6217,-59.9066,10.0
1760575403318,4.3,125.181,-6.9906,549.668
1760571168060,4.9,125.3035,5.1075,46.736
1760566330189,4.4,-71.4188,-28.9462,35.81
1760559137685,4.3,161.3778,-10.2401,84.234
1760556272999,4.4,162.4073,55.858,62.32
1760551762630,4.7,120.0164,15.5347,57.907
1760535461583,4.5,-70.1129,-27.0873,69.342
1760533621757,5.4,-178.768,-34.0533,10.0
1760528619229,5.6,-71.559,-30.7205,32.053
1760523729320,5.4,141.5284,7.2551,10.0
1760523125195,4.5,-70.875,9.9352,10.0
1760518220933,4.4,141.2888,38.4953,86.686
1760514294656,4.9,127.1802,7.1768,10.0
1760511112841,4.5,-178.7453,-34.1801,10.0
1760507823192,5.2,159.8309,51.5274,10.0
1760499044862,4.0,-147.4562,61.7294,27.0
1760488532161,4.0,-94.2774,14.4484,10.0
1760488201195,4.4,129.7795,-6.616,133.404
1760486712567,4.0,-71.6652,-17.6567,53.676
1760484766204,4.4,126.0615,9.9979,64.488
1760484550510,4.5,138.2382,30.3969,442.091
1760483450105,4.6,67.7647,-26.4892,10.0
1760482099272,4.5,122.3063,10.3876,10.0
1760479844933,4.5,125.9261,-9.1425,10.0
1760479082539,4.6,146.6114,-6.2166,63.989
1760474898044,4.9,166.5348,-12.0045,143.24
1760474323604,4.7,146.8788,-6.7517,97.822
1760473841470,4.3,145.3686,14.0159,109.345
1760473360551,4.3,39.9046,13.8675,10.0
1760470940025,4.4,160.4148,51.8507,10.0
1760470361595,5.3,153.9917,-3.7124,451.727
1760469973650,4.8,127.2877,7.5507,10.0
1760469810898,4.6,81.421,29.639,10.0
1760467816353,4.4,127.1256,7.1993,17.436
1760465933872,4.3,127.0931,6.9551,35.0
1760465836188,4.8,127.0636,7.3537,48.251
1760462636003,4.9,127.2912,7.4914,10.0
1760461817378,5.2,-68.9489,-20.2302,96.916
1760458852836,4.8,-109.3923,19.9573,10.0
1760458347681,4.3,158.981,52.4871,76.146
1760456575937,4.6,166.5776,-12.7502,125.608
1760455401022,4.1,70.9899,36.6287,94.746
1760455049263,4.3,130.8498,-6.3309,111.15
1760447148308,4.4,147.7374,43.643,101.775
1760445195284,4.1,150.1009,-6.3123,10.0
1760436780122,4.5,126.9259,5.7775,141.749
1760432242640,4.6,153.0508,-4.529,106.148
1760426253891,4.2,-71.6739,-30.0468,33.23
1760418208891,4.4,130.0426,-6.4889,139.554
1760417014719,4.8,-68.64,-21.88,128.009
1760413664114,4.8,160.5314,53.6643,49.225
1760412864223,4.6,139.5058,39.605,11.325
1760411727067,4.6,81.416,41.6443,10.0
1760410909780,4.2,-67.0477,-18.3774,270.999
1760409615977,4.2,153.9602,-3.554,400.002
1760409546158,4.9,126.8399,7.3945,56.684
1760408401833,4.7,126.9284,7.2661,77.954
1760407793966,4.0,127.1824,7.4907,10.0
1760407642867,4.4,127.1779,7.6715,35.0
1760407577240,4.4,126.9917,7.4132,38.697
1760407211014,5.5,127.0611,7.3744,35.0
1760402860463,4.0,-91.2257,13.9504,62.751
1760402666502,4.4,123.9947,10.7983,10.0
1760399101251,4.0,127.232,7.0685,10.0
1760397255219,4.1,-69.0007,-21.1117,110.591
1760393166924,4.4,142.0396,39.5908,49.54
1760381920258,4.8,-69.4216,-32.0499,113.255
1760381397292,4.5,156.9695,50.6405,47.31
1760377201308,4.5,156.6747,50.0975,35.0
1760374473656,4.3,-66.8932,8.9324,8.446
1760374276956,4.1,-153.7065,60.1979,188.4
1760373621814,4.6,-174.6439,-19.1257,88.347
1760372861878,4.5,159.6206,51.4099,31.562
1760371109114,4.7,74.5496,36.7989,10.0
1760358294750,4.5,126.988,7.1111,54.946
1760353860352,5.9,141.6049,7.2482,10.0
1760352763622,4.3,-68.7137,-21.9912,117.67
1760346631800,5.0,161.2607,-10.2715,108.087
1760345961379,4.5,169.7044,-21.0283,118.571
1760344535683,4.8,-179.3476,-35.6075,10.0
1760339430079,4.9,114.1833,-7.2291,10.0
1760334030288,4.5,94.5236,22.4329,107.046
1760331023336,4.2,167.5363,-18.1101,10.0
1760325945255,4.7,142.4483,38.6088,46.216
1760323950772,4.2,-150.7827,60.2202,45.9
1760323233881,4.9,-25.4283,-59.079,35.0
1760322201725,4.6,-179.4613,-35.5134,10.0
1760318887009,4.9,-71.8322,-30.6621,26.124
1760318478621,4.4,159.1874,51.4382,42.229
1760317892627,4.4,-71.801,-30.6075,28.474
1760317817001,5.5,154.9013,48.8917,60.257
1760317785120,5.1,157.9959,51.0955,55.324
1760315617209,4.3,157.5077,49.9068,10.0
1760310676428,4.0,23.3056,34.059,35.0
1760310219146,4.2,120.4179,-7.2296,580.056
1760308234101,4.2,124.0695,-9.2366,76.421
1760306939073,4.6,122.6104,-4.7491,10.0
1760306394176,4.4,-17.5269,64.5477,10.0
1760304221608,4.6,-61.9218,-60.1188,10.0
1760300333617,4.0,144.3329,41.4446,10.0
1760298961017,4.3,165.0013,55.8662,10.0
1760295968696,4.6,-33.8463,57.0469,10.0
1760294116618,4.5,-33.7465,57.0401,10.0
1760293668228,4.6,-33.5585,56.983,10.0
1760292658257,4.5,159.9747,52.3619,82.347
1760290673001,4.5,127.3462,7.2969,10.0
1760288759519,5.8,123.9779,10.9582,10.0
1760287652416,4.5,23.485,34.6185,55.866
1760287359440,4.5,-70.0705,-32.6288,115.751
1760280199127,4.6,126.7015,7.2409,74.077
1760280067059,4.2,122.6298,-4.7078,10.0
1760276118990,4.07,-68.829,19.5498,34.0
1760264639337,4.5,126.9549,1.5366,101.872
1760262266701,4.4,126.9497,8.3514,25.874
1760257626157,4.2,127.3887,7.1339,10.0
1760255797173,4.7,161.4427,53.1157,18.97
1760253703819,4.9,103.2064,30.5334,10.0
1760252198400,4.7,127.1454,8.8689,10.0
1760250860354,4.4,95.6026,-45.9818,10.0
1760249622528,4.3,141.2242,42.6807,130.202
1760249339092,4.3,-101.07,32.336,5.2734
1760248174455,4.0,-177.9354,-18.3872,566.911
1760240459272,4.4,28.4378,37.0068,10.0
1760238791673,4.8,6.9195,75.9176,10.0
1760238035591,5.0,139.3097,-2.7344,46.893
1760235984681,4.8,-94.3667,17.4321,159.009
1760232334632,4.6,127.0336,7.2427,35.0
1760232030408,4.4,159.8303,53.1372,58.005
1760227026080,4.3,40.0425,13.9765,10.0
1760226748147,4.4,-80.8889,-5.1691,43.081
1760224850434,4.7,144.4749,12.2738,10.0
1760223877929,4.4,126.68,3.9343,43.357
1760223787467,4.5,-78.7742,-10.3795,60.716
1760221102400,4.5,160.7335,51.7293,10.0
1760218888580,4.5,39.8083,13.8263,10.0
1760217793390,4.3,39.7667,13.9281,10.0
1760211000069,4.7,39.8353,13.8424,10.0
1760210947577,5.0,-34.1766,56.8317,10.0
1760210908625,4.9,126.9736,7.6895,35.0
1760209536984,4.9,-60.9559,-60.3942,10.0
1760207902249,4.8,39.7622,13.9766,10.0
1760207376215,5.1,-61.0984,-60.2617,10.0
1760205559343,4.4,130.3564,-6.258,144.066
1760199505657,5.6,39.8721,13.7985,10.0
1760198519270,5.2,39.946,13.8185,10.0
1760195045940,4.7,149.9302,-6.1703,57.248
1760194613865,4.9,-178.113,-31.5795,10.0
1760194439568,4.6,71.0678,31.1832,37.221
1760193180296,6.0,126.219,8.9187,76.991
1760192662868,4.1,127.639,27.2348,94.251
1760190899318,4.5,125.0956,10.5323,209.062
1760190678731,4.5,-179.8061,51.0212,35.0
1760188644309,4.3,158.6557,52.0356,67.853
1760188079823,5.5,-26.4302,-56.2655,49.408
1760186864213,4.5,127.0432,6.8587,56.7
1760186482181,4.2,127.1134,6.9436,10.0
1760185558928,5.8,156.694,50.285,70.085
1760184976528,4.2,127.1816,7.2137,10.0
1760184955901,4.2,127.2014,7.4181,12.696
1760184453377,4.3,39.7946,13.8169,10.0
1760183684683,4.1,126.5782,6.8895,104.756
1760183509038,4.3,126.7605,7.1849,82.936
1760181608701,4.2,160.7335,52.5071,35.25
1760178444262,5.5,126.7939,7.2906,63.818
1760176636322,4.5,160.2983,51.7476,10.0
1760175726903,4.6,-61.5746,-60.2192,10.0
1760175133084,5.0,120.4215,15.2256,126.217
1760171722463,4.9,148.4702,-3.1216,10.0
1760170004012,5.5,-26.3864,-56.1992,48.552
1760166154774,4.6,126.9212,7.1153,60.928
1760162818195,4.2,114.0577,-7.1165,9.264
1760160322147,4.2,126.7416,7.2402,77.805
1760159364317,4.3,-27.8692,-56.3874,149.21
1760158811145,4.4,141.4627,11.6672,10.0
1760152920952,4.8,138.4539,30.3456,432.857
1760152696562,5.2,103.4597,27.1032,10.0
1760152124640,5.4,159.7815,53.2522,75.37
1760147642381,4.4,179.8384,-24.4324,520.387
1760145394821,4.7,126.9131,7.0043,63.548
1760143678962,4.1,127.3013,6.8723,10.0
1760143576270,4.7,-61.8465,-60.227,10.0
1760142741310,4.5,-62.7255,-60.0063,10.0
1760140482120,4.6,-61.7163,-59.7954,10.0
1760140139414,4.2,126.7658,6.9068,71.956
1760139595258,4.4,145.7287,-6.2956,133.674
1760137744172,4.6,-62.0072,-60.2981,10.0
1760137238196,4.7,-62.0278,-59.9445,10.0
1760134847659,5.0,127.0323,7.3896,10.0
1760134188346,4.8,-62.4621,-60.075,10.0
1760133995946,4.3,142.7123,41.6929,58.888
1760132062633,5.4,-62.4539,-60.0705,10.0
1760131722322,5.7,-62.3619,-60.0663,10.0
1760130827768,5.0,-61.6371,-59.9755,10.0
1760130001659,4.6,-62.6546,-60.0289,10.0
1760128813545,4.8,127.2749,7.1416,12.944
1760128160206,7.6,-61.8238,-60.1885,6.505
1760127113710,4.7,-72.7442,-13.6194,10.0
1760125022593,4.6,126.9341,6.8808,60.081
1760123201710,4.5,127.3499,7.3264,15.686
1760122786273,4.4,126.9449,7.2165,25.97
1760122688125,4.6,127.2814,7.2316,17.369
1760120543069,4.5,126.9573,7.3345,80.329
1760120276821,4.6,126.8262,7.0629,68.937
1760120121919,4.7,126.8861,7.033,59.313
1760117075132,4.6,127.1456,6.8464,28.659
1760116836837,4.4,-59.509,13.0649,47.429
1760115270367,4.7,122.2981,17.4805,10.0
1760113846078,4.6,126.6698,7.378,66.115
1760113549038,4.1,158.1767,51.8592,75.026
1760112633949,4.5,126.6283,3.7923,52.392
1760108477305,4.1,70.5999,36.0379,112.628
1760107590080,4.0,-164.1318,54.0112,53.722
1760102472802,4.9,103.6442,27.1386,10.0
1760102389372,4.7,-37.7715,65.8514,10.0
1760102012485,5.0,127.1888,7.3513,10.0
1760101438132,4.9,127.0663,7.4134,10.0
1760100578204,5.1,127.2314,7.0649,10.0
1760100518392,4.3,126.7542,7.3014,95.82
1760099783643,4.8,127.1347,7.3418,16.021
1760099170921,4.8,-29.0845,-55.2238,10.0
1760098345216,4.3,159.4212,51.2113,10.0
1760097677420,4.8,126.9585,7.2841,77.303
1760096881222,5.2,141.6218,11.6386,10.0
1760096859096,4.8,127.15,7.2528,41.47
1760096603134,4.3,-174.7695,-17.063,177.133
1760094962383,5.6,156.5204,50.3802,76.347
1760094727106,6.7,126.7553,7.1716,61.184
1760094602010,4.4,127.1136,7.5619,10.0
1760094523812,4.5,127.2696,7.4288,10.0
1760094028713,4.5,127.4282,7.2233,10.0
1760093349569,4.2,-178.6979,-17.7094,569.031
1760091632735,5.0,126.8402,7.147,64.234
1760091415200,4.3,126.739,7.159,79.427
1760090571532,5.4,129.5203,-7.0057,159.477
1760090462246,5.1,127.0011,7.234,64.971
1760090180861,4.2,155.8322,49.472,49.228
1760089588918,4.6,-178.5098,-33.7911,10.0
1760089420474,5.6,141.6499,11.4293,10.0
1760089411962,5.2,126.9375,7.0462,62.913
1760089390714,4.1,155.027,48.5102,57.12
1760089043450,4.3,126.8583,7.2611,85.434
1760088802970,4.2,126.8568,7.1034,74.471
1760087202920,4.9,126.9935,7.2614,77.33
1760085567267,4.5,126.7561,7.2537,83.196
1760085472098,4.3,126.7674,6.9334,70.003
1760083920397,4.4,147.72,-2.9061,10.0
1760081923854,4.8,126.9094,7.0967,69.917
1760081630984,4.4,127.2703,7.1976,10.0
1760081050705,5.2,126.901,7.0926,62.976
1760080561490,4.7,127.0591,7.1583,57.386
1760080026925,4.0,-100.5754,17.7259,47.365
1760079266933,4.3,127.0451,7.2411,16.617
1760078109645,4.5,94.6883,4.982,60.668
1760077945036,4.9,126.7893,6.9117,72.923
1760077636861,4.6,-87.852,13.1878,171.484
1760077046657,4.3,149.0769,-3.3941,10.0
1760076591984,4.6,133.8264,-5.1276,10.0
1760076383913,4.9,126.9502,7.18,66.934
1760076009046,4.3,127.2666,7.1636,10.0
1760075506273,4.8,149.0342,-3.3009,10.0
1760075335559,5.1,126.9556,6.8332,73.342
1760075265974,5.2,127.1219,6.8257,58.864
1760075199784,5.1,148.9694,-3.22,10.0
1760074929311,4.6,-160.146,54.4864,32.103
1760073997293,4.2,127.078,7.4663,10.0
1760073902975,4.5,101.9667,-2.1214,180.669
1760073275422,4.3,127.4446,7.4839,10.0
1760072477217,4.4,127.2153,7.1303,10.0
1760071594300,4.5,126.8129,7.0282,86.178
1760070775755,4.3,130.1974,-6.2888,132.01
1760069899764,4.4,126.6242,6.6892,101.687
1760069059431,4.4,127.0935,7.1823,59.256
1760068969507,4.4,127.1404,7.1631,54.048
1760068433436,4.8,126.8057,7.3,61.538
1760067136463,5.5,126.8243,7.073,72.22
1760066586380,4.9,126.8099,7.1713,81.491
1760066232028,4.8,126.811,7.0448,89.635
1760065818216,4.8,126.9212,6.914,63.644
1760065313006,4.8,102.5355,-7.3482,10.0
1760063778853,4.6,148.5616,-3.3261,10.0
1760062504887,5.1,-177.0863,-24.0734,132.531
1760062304943,5.6,126.7969,6.9947,63.461
1760062090652,6.3,147.9714,-3.0764,10.0
1760061651063,4.5,126.7129,7.0236,86.703
1760061075525,5.9,126.8348,7.0654,63.43
1760061038743,5.3,126.7211,7.2686,68.117
1760060986916,5.3,126.7077,6.9709,81.914
1760060639585,7.4,126.6902,7.2866,59.425
1760055835995,4.8,93.682,18.5245,10.0
1760047608987,4.0,147.1783,-6.5066,48.303
1760043707543,4.6,-157.8567,-62.9467,10.0
1760040642059,4.6,142.0765,-3.7295,26.072
1760040525389,4.8,167.5238,-15.3106,144.522
1760023448488,4.5,158.3258,51.6704,68.081
1760022660715,4.3,14.7784,-52.149,10.0
1760022180142,5.4,14.3795,-52.2527,10.0
1760021535637,4.5,-178.7006,-20.746,600.135
1760021107086,5.1,14.4853,-52.099,10.0
1760018853997,4.2,160.7771,51.5046,10.0
1760016525412,6.1,158.2022,51.7161,63.734
1760016172334,5.1,-178.86,-33.9048,10.0
1760005966936,4.4,155.2961,49.5805,92.286
1759997978747,4.0,167.6181,-14.7719,158.433
1759995448559,4.4,74.6255,37.815,124.736
1759988062886,4.5,99.9943,30.8371,10.0
1759987556018,4.4,159.6819,53.2112,79.935
1759987060636,5.5,99.8995,30.8749,10.0
1759985613287,4.4,-82.799,3.3383,10.0
1759983056736,4.0,-67.0986,-30.8917,39.994
1759981856574,4.4,150.1351,43.0205,10.0
1759977024380,4.6,120.5989,16.231,35.0
1759975546451,4.6,167.764,-17.8401,35.0
1759972565197,4.4,159.9161,52.7006,45.796
1759972351270,4.5,166.3041,-13.0448,14.444
1759970629268,4.4,126.5625,25.5623,27.333
1759969625138,4.5,168.7825,-19.2913,14.851
1759967970582,4.6,14.5581,-52.3658,10.0
1759967654446,4.6,121.273,19.8745,25.101
1759967647268,4.9,29.0717,39.2931,15.208
1759956312039,4.4,156.0922,48.7197,10.0
1759952330772,4.5,-175.2516,51.5691,35.0
1759951601791,4.6,160.1326,53.1046,58.789
1759948778505,4.9,159.1009,52.8525,77.125
1759948044778,4.4,-70.6363,11.8935,76.14
1759945745058,4.5,171.4504,-23.3204,10.0
1759944168120,4.2,-67.0065,-24.2488,168.832
1759942182335,4.3,146.9044,-6.8261,103.358
1759939144906,4.3,160.5689,53.3261,54.316
1759932507259,4.2,159.7543,51.5167,39.234
1759931044912,4.4,-176.4787,-26.8882,56.245
1759929731510,4.1,122.4804,19.6703,171.669
1759927238641,4.4,157.4806,50.6818,79.903
1759924683067,4.6,-92.0537,13.9556,10.0
1759922439196,4.2,88.1714,50.1735,10.0
1759918578201,5.0,-92.0833,13.7787,10.0
1759918181291,4.4,72.3576,38.3833,10.0
1759918170652,4.2,120.6836,-2.0359,10.0
1759917778376,4.6,170.8657,-23.4268,10.0
1759914429125,4.4,21.0918,36.0796,50.162
1759913612374,4.6,157.2677,51.0138,83.555
1759910943677,4.9,102.1788,-4.2717,52.473
1759908835816,4.0,-152.8125,59.4909,94.0
1759905543209,4.3,123.5765,5.0984,569.866
1759900834711,4.7,128.0874,-0.5857,10.0
1759896464718,4.3,70.3779,36.2555,94.472
1759895447117,5.4,-24.3577,-57.7021,10.0
1759894571478,4.3,160.9522,52.1938,62.65
1759894432270,4.4,122.1194,23.4799,19.915
1759894295251,4.3,143.1416,29.7666,10.0
1759893518214,4.3,70.7443,34.5893,10.0
1759891123048,4.3,-179.6096,-22.0836,606.969
1759890829482,4.5,161.0232,53.3625,35.0
1759886453307,4.1,143.1584,27.1766,10.0
1759884848307,4.6,160.9044,53.3544,36.877
1759881132499,5.1,121.5836,23.9447,10.0
1759879399568,4.5,159.4085,52.2578,55.346
1759879326747,4.4,157.6672,50.2942,35.0
1759878847567,4.2,162.3975,51.8319,10.0
1759878006594,4.5,-75.4697,-15.9688,10.0
1759877210306,4.3,126.6944,-4.0746,262.171
1759876581404,5.7,168.1577,-15.612,35.0
1759876332047,4.4,160.4691,51.9771,10.0
1759874374150,4.1,166.1953,-14.6178,10.0
1759873117225,5.3,129.3659,29.2241,10.0
1759870369957,4.2,-72.9983,-14.0948,87.557
1759867182650,4.1,154.3649,48.255,72.511
1759862961148,4.1,143.4107,22.7731,91.2
1759860424078,4.4,40.2081,18.1211,10.0
1759854795140,4.0,179.4121,-33.8511,138.898
1759851739576,4.2,-179.0911,-21.7005,580.532
1759849906498,4.7,-178.7744,-33.7203,10.0
1759847202279,4.2,-177.6645,-20.6634,548.856
1759845354943,4.2,123.9323,-9.0898,91.958
1759840331852,4.2,160.6216,52.0691,10.0
1759839026134,4.6,146.8437,-6.4239,47.489
1759836928903,5.1,69.6738,37.2837,10.0
1759835117691,6.6,146.815,-6.7555,103.933
1759834995768,4.4,125.0948,-49.1975,10.0
1759832177073,4.4,40.1509,17.848,10.0
1759831857847,4.6,40.1464,17.8001,10.0
1759819934947,4.6,-46.1404,18.7861,10.0
1759816861493,4.3,144.2268,37.6711,10.0
1759816538691,4.2,-71.6774,-30.6608,21.946
1759813853443,4.5,127.4026,27.3779,136.182
1759812950027,4.9,126.4282,10.1544,42.521
1759810443511,4.9,126.3808,5.5018,94.639
1759805911436,4.7,149.5681,45.1009,88.928
1759801431462,4.2,160.2025,52.05,35.0
1759801371876,4.6,144.0108,37.7023,10.0
1759800578065,4.3,124.1069,10.9381,10.0
1759800479527,4.4,-80.281,-0.4711,38.23
1759799922904,4.4,144.1385,37.6266,10.0
1759799837017,4.7,144.136,37.692,10.0
1759798454920,4.6,-177.2987,-29.8278,35.0
1759797023885,5.1,141.3748,37.5678,48.915
1759796979284,4.4,-26.4071,-56.5041,57.704
1759795813300,4.3,160.897,51.687,10.0
1759795754691,4.3,160.6171,51.5486,10.0
1759795439537,4.9,122.1956,10.025,10.0
1759795092151,4.7,127.3749,3.3731,35.616
1759786603205,4.3,-178.482,-17.9965,587.926
1759784537647,4.4,160.5002,52.1251,10.0
1759782514204,4.0,121.0314,56.4972,10.0
1759781359890,4.3,159.3504,51.1541,10.0
1759780963917,4.1,140.1716,27.242,451.332
1759780781039,4.9,159.6164,51.4898,28.205
1759777883386,4.3,159.7178,52.3385,35.0
1759775105141,4.7,144.1509,37.855,10.0
1759774265636,4.4,-178.4236,-17.5347,530.45
1759773971710,4.4,-123.2959,-55.6954,10.0
1759773445213,4.2,161.082,52.1153,10.0
1759771605852,4.3,160.2524,52.3745,35.0
1759771364324,5.0,160.3388,52.4099,20.568
1759770667675,4.9,148.55,-8.0884,44.315
1759770650197,4.3,144.1926,37.7624,10.0
1759768092485,4.2,-109.1231,19.4393,10.0
1759768012918,4.5,144.3154,37.8218,10.0
1759763762121,4.3,-123.8334,-55.5579,10.0
1759762679910,4.9,144.1293,37.692,10.0
1759761740828,4.0,70.8658,36.504,187.072
1759761738882,4.1,179.7681,-24.7739,513.574
1759760426108,4.9,144.1058,37.7919,11.08
1759759502869,4.4,143.8021,11.9552,10.0
1759756912885,4.4,151.4999,45.3005,10.0
1759754908836,4.4,128.1972,2.1321,163.847
1759752521601,5.6,175.4906,-21.1646,570.418
1759750014916,4.5,-179.5419,-22.1887,580.449
1759746199262,4.4,75.6136,36.7989,10.0
1759745639075,4.9,13.3879,43.9808,10.0
1759745517927,4.8,92.7848,0.8821,10.0
1759738670309,4.3,-71.4682,-31.2609,22.366
1759733857239,4.7,160.8716,53.2307,35.0
1759732601500,4.5,156.1917,49.1392,74.573
1759731943649,4.6,126.2358,0.9388,35.0
1759730349921,4.9,-178.7471,-32.2269,35.0
1759730161651,4.3,123.6804,6.0445,556.761
1759727403525,5.0,-44.6913,13.3398,10.0
1759720747877,4.4,151.1614,-5.0387,183.341
1759714051919,4.8,147.2185,14.7132,10.0
1759713703131,4.6,149.1421,44.605,35.0
1759711310070,4.0,97.0576,1.0336,10.0
1759706288366,4.5,156.8558,50.2399,57.734
1759705165632,4.4,124.3068,11.139,10.0
1759704308715,4.2,70.9788,36.5348,172.077
1759704177529,4.2,-70.2052,-33.3548,8.845
1759704148856,4.5,154.9584,43.4058,10.0
1759702708963,4.6,-175.3312,-20.7182,85.26
1759701592286,4.3,160.4965,52.6444,35.0
1759701010487,4.8,127.078,2.1987,57.06
1759696139355,5.4,71.2922,42.1706,10.0
1759695310207,4.4,151.5576,-3.6257,10.0
1759693700553,4.4,-27.361,-56.2384,105.506
1759693163954,4.6,179.0358,-23.4303,559.959
1759692197988,5.1,151.3523,-3.9128,10.0
1759691720912,4.3,173.5484,-22.4798,10.0
1759689087366,4.1,161.3702,52.6868,10.0
1759688925544,4.7,108.1522,14.9045,10.0
1759685018742,4.9,125.008,4.6048,10.0
1759684223826,5.2,159.5945,51.4884,10.0
1759681763622,4.4,160.0204,51.2456,10.0
1759680092825,5.0,159.4442,51.5129,52.284
1759678540314,4.1,144.5661,42.9957,121.102
1759676937277,5.2,159.446,51.4847,35.0
1759674721117,5.0,-178.1479,-30.5725,89.964
1759674636504,4.6,-7.8105,71.1097,10.0
1759673302325,4.2,141.6069,25.1145,23.491
1759673065133,4.4,-179.0818,-25.1872,391.864
1759672947854,4.4,144.6525,13.4096,84.49
1759670967416,4.9,66.145,30.2805,10.0
1759669031512,4.6,159.8401,53.2472,68.333
1759668976484,4.1,127.6136,1.801,132.222
1759665682142,4.8,-7.832,71.2081,10.0
1759663205137,4.4,-140.4996,61.4029,10.0
1759662002912,4.6,125.2219,-0.3936,40.671
1759660206652,4.7,127.9185,3.5734,143.192
1759660020591,4.4,-178.9722,-17.6708,546.798
1759659907983,4.2,-177.7273,-20.4455,466.653
1759655517892,4.2,178.9011,51.1586,34.249
1759655295062,5.2,-7.8738,71.2347,10.0
1759652451852,4.4,159.9288,53.2545,55.409
1759645848294,4.3,141.8573,42.5603,124.639
1759644924539,4.4,81.0679,-41.2041,10.0
1759643596833,5.2,160.0079,53.1678,63.951
1759643235076,4.0,128.4832,1.2364,10.0
1759642948570,4.1,129.6897,29.3459,10.0
1759640049102,4.4,156.1932,48.8182,10.0
1759639544624,4.6,156.1001,48.8626,35.0
1759638324633,4.9,148.8202,-8.4529,75.629
1759636904690,4.4,-76.0927,-14.1033,10.0
1759636862250,4.4,159.0236,52.5414,84.49
1759635501420,4.3,-72.9942,6.7319,168.406
1759632546145,4.5,124.1035,11.1466,10.0
1759630958888,5.0,159.4512,51.8378,52.802
1759629106043,4.2,-179.5005,51.5736,79.37
1759628743770,5.1,119.8944,18.1246,10.0
1759628457018,4.5,160.9601,52.2854,10.0
1759628072067,5.0,156.3697,48.8545,28.818
1759627000778,4.5,160.0777,51.9527,10.0
